lojatrelele.com.br|25|sac@lojatrelele.com.br|Sankess*+.
meuemprestimoonline.com.br|25|atendimento@meuemprestimoonline.com.br|Sankess*+.
iniciativamagra.com.br|25|marketing@iniciativamagra.com.br|Sankess*+.
farodenegocios.com.br|25|contato@farodenegocios.com.br|Sankess*+.
donodevoce.com.br|25|contato@donodevoce.com.br|Sankess*+.
barbaecabelo.com.br|25|contato@barbaecabelo.com.br|Sankess*+.
perfeitavaidosa.com.br|25|contato@perfeitavaidosa.com.br|Sankess*+.
mentegourmet.com.br|25|contato@mentegourmet.com.br|Sankess*+.
mentalidademasculina.com.br|25|contato@mentalidademasculina.com.br|Sankess*+.
mamaeviajei.com.br|25|contato@mamaeviajei.com.br|Sankess*+.
mamaedefralda.com.br|25|marketing@mamaedefralda.com.br|Sankess*+.
receitasdechocolate.com.br|25|contato@receitasdechocolate.com.br|Sankess*+.
viverdecostura.com.br|25|contato@viverdecostura.com.br|Sankess*+.
shaylatime.com|25|support@shaylatime.com|Sankess*+.
gtgholidays.com|25|feyza.er@gtgholidays.com|Sankess*+.
industrialposh.com|25|admin@industrialposh.com|Sankess*+.
plidgroup.com|25|ashok@plidgroup.com|Sankess*+.
kangwha-do-veteran.org|25|kangwha-do-veteran.org@kangwha-do-veteran.org|Sankess*+.
mannat.co.uk|25|manish.sinha@mannat.co.uk|Sankess*+.
josesoundartist.com|25|soundservices@josesoundartist.com|Sankess*+.
cloudforceinnovation.com|25|dipa.n@cloudforceinnovation.com|Sankess*+.
debbowman.com|25|infos@debbowman.com|Sankess*+.
mrcruiserzim.com|25|mikes@mrcruiserzim.com|Sankess*+.
hzoperadora.com.br|25|comercial@hzoperadora.com.br|Sankess*+.
connectiontvl.com|25|elie@connectiontvl.com|Sankess*+.
bubblybrownsugar.com|25|info@bubblybrownsugar.com|Sankess*+.
keplersoft.com|587|a.shaalami@keplersoft.com|00ff00vodka
cashforcaraustralia.com.au|587|info@cashforcaraustralia.com.au|00ff00vodka
brisbaneautoshop.com|587|info@brisbaneautoshop.com|00ff00vodka
auzmetalrecyclers.com.au|587|info@auzmetalrecyclers.com.au|00ff00vodka
cyagency.com|25|info@cyagency.com|roottn
modelaconstruye.com|25|a.brito@modelaconstruye.com|roottn
eisalido.com|25|ap.salido@eisalido.com|roottn
amenaki.com|25|contacto@amenaki.com|roottn
habesha-construction.com|25|info@habesha-construction.com|roottn
mc-interiores.com|25|info@mc-interiores.com|roottn
legiaodesucesso.pt|25|geral@legiaodesucesso.pt|roottn
hyva.lk|25|harshana@hyva.lk|roottn
quintadapenela.com|25|info@quintadapenela.com|roottn
factormusica.com|25|geral@factormusica.com|roottn
cidadaniavieirense.pt|25|wp@cidadaniavieirense.pt|roottn
quintadofarejal.com|25|info@quintadofarejal.com|roottn
confortmoveis.com|25|geral@confortmoveis.com|roottn
grupogmh.pt|25|ricardosousa@grupogmh.pt|roottn
adamsakiyama.com|25|adam@adamsakiyama.com|Sankess*+.
4aerospacenews.com|25|thill@4aerospacenews.com|Sankess*+.
whirldroid.com|587|admin@whirldroid.com|00ff00vodka
moviesnreviews.com|587|talk2us@moviesnreviews.com|00ff00vodka
digiaccounto.com|587|gauravgarg@digiaccounto.com|00ff00vodka
frauenchor-lupfig.ch|587|info@frauenchor-lupfig.ch|00ff00vodka
rustyrussell.com|587|pix@rustyrussell.com|00ff00vodka
modernoutdoorgear.com|25|info@modernoutdoorgear.com|Sankess*+.
dailyfreesamples.com|25|admin@dailyfreesamples.com|Sankess*+.
tarasolution.com|25|admin@tarasolution.com|Sankess*+.
infopages-uae.com|25|info@infopages-uae.com|Sankess*+.
pirelliracer.com|25|sales@pirelliracer.com|Sankess*+.
smartenegy.com|25|infos@smartenegy.com|Sankess*+.
salyte.com|25|info@salyte.com|Sankess*+.
dekorationcity.com|25|admin@dekorationcity.com|Sankess*+.
crownpavilions.fr|25|wordpress@crownpavilions.fr|Sankess*+.
envirobins.com|25|info@envirobins.com|Sankess*+.
christianhubbard.com|25|christian@christianhubbard.com|Sankess*+.
josephagiusattard.com|25|info@josephagiusattard.com|Sankess*+.
nirosec.com|25|john@nirosec.com|Sankess*+.
bcsoffice.net|25|samantha@bcsoffice.net|Sankess*+.
lynnquestell.com|25|lynn@lynnquestell.com|Sankess*+.
akskpaint.com|25|office@akskpaint.com|Sankess*+.
myunitedlife.com|25|info@myunitedlife.com|Sankess*+.
pinksaltproductions.com.au|587|jack@pinksaltproductions.com.au|00ff00vodka
kyliestewart.com|587|kylie@kyliestewart.com|00ff00vodka
delicecateringservices.com|587|lutes@delicecateringservices.com|00ff00vodka
ecosolv.com|587|admin@ecosolv.com|00ff00vodka
vasuevents.com|587|info@vasuevents.com|00ff00vodka
fuerza.co.in|587|booking@fuerza.co.in|00ff00vodka
107.180.25.194|587|contato@barbaramiotto.com.br|00ff00vodka
barbaramiotto.com.br|587|admin@barbaramiotto.com.br|00ff00vodka
myschoolform.com|587|plymouthschool@myschoolform.com|00ff00vodka
thelocalchurchintoronto.org|25|newsletter@thelocalchurchintoronto.org|Sankess*+.
approaches.gr|25|support@approaches.gr|Sankess*+.
cloudmentors.co|25|transactions@cloudmentors.co|Sankess*+.
cloudschool.gr|25|hello@cloudschool.gr|Sankess*+.
computerlab.gr|25|hello@computerlab.gr|Sankess*+.
consciousness.gr|25|hello@consciousness.gr|Sankess*+.
ekpaideysi.gr|25|hello@ekpaideysi.gr|Sankess*+.
elenikanellou.gr|25|mail@elenikanellou.gr|Sankess*+.
etymologia.gr|25|hello@etymologia.gr|Sankess*+.
greecetravel.directory|25|hello@greecetravel.directory|Sankess*+.
greekcommunity.net|25|hello@greekcommunity.net|Sankess*+.
greekdanceacademy.com|25|hello@greekdanceacademy.com|Sankess*+.
mageiriki.gr|25|hello@mageiriki.gr|Sankess*+.
perpatima.gr|25|hello@perpatima.gr|Sankess*+.
stefanosevangelou.com|25|mail@stefanosevangelou.com|Sankess*+.
sushirestaurant.directory|25|hello@sushirestaurant.directory|Sankess*+.
xof.gr|25|info@xof.gr|Sankess*+.
lojamilitartudoebizu.com.br|25|vendas@lojamilitartudoebizu.com.br|Sankess*+.
joyfuldating.cn|25|joy.yang@joyfuldating.cn|Sankess*+.
appointmentondemand.com|25|service@appointmentondemand.com|Sankess*+.
65.99.252.31|587|testnbx@vozexpress.com.mx|00ff00vodka
vozexpress.com.mx|587|ventas@vozexpress.com.mx|00ff00vodka
dubaiinvst-w.com|587|mai@dubaiinvst-w.com|00ff00vodka
solariscomercial.com.br|25|atendimento@solariscomercial.com.br|Sankess*+.
ramonecrowe.com|25|info@ramonecrowe.com|Sankess*+.
mycism.com|25|info@mycism.com|Sankess*+.
mrsmoonbow.com|25|info@mrsmoonbow.com|Sankess*+.
kiinatelier.com|25|diana.atelier@kiinatelier.com|Sankess*+.
tgc.com.sa|25|info@tgc.com.sa|Sankess*+.
majedalharbi.com|25|info@majedalharbi.com|Sankess*+.
ibtikarco.com|25|ahmed.radwan@ibtikarco.com|Sankess*+.
alcasaba.co|25|mahmoud.bsharat@alcasaba.co|Sankess*+.
womenwelfaretrust.org.in|25|admin@womenwelfaretrust.org.in|Sankess*+.
wisertrust.org.in|25|admin@wisertrust.org.in|Sankess*+.
stjudeshrine.in|25|admin@stjudeshrine.in|Sankess*+.
serviteschool.com|25|admin@serviteschool.com|Sankess*+.
samtnpy.org|25|admin@samtnpy.org|Sankess*+.
sacewdtrust.org.in|25|admin@sacewdtrust.org.in|Sankess*+.
readcentre.org.in|25|admin@readcentre.org.in|Sankess*+.
pothigailatha.org|25|admin@pothigailatha.org|Sankess*+.
partypopperscbe.com|25|admin@partypopperscbe.com|Sankess*+.
memhsst.org.in|25|admin@memhsst.org.in|Sankess*+.
meettrust.in.net|25|admin@meettrust.in.net|Sankess*+.
massngo.org|25|admin@massngo.org|Sankess*+.
koodutrust.org|25|admin@koodutrust.org|Sankess*+.
kkctrustindia.org|25|admin@kkctrustindia.org|Sankess*+.
karunyatrust.org.in|25|admin@karunyatrust.org.in|Sankess*+.
jayashreefoundation.org.in|25|admin@jayashreefoundation.org.in|Sankess*+.
helptrust.org.in|25|admin@helptrust.org.in|Sankess*+.
greenbiofarm.org|25|admin@greenbiofarm.org|Sankess*+.
frsdmdu.in|25|admin@frsdmdu.in|Sankess*+.
fpcl-parambai.com|25|admin@fpcl-parambai.com|Sankess*+.
fpcl-mugavai.com|25|admin@fpcl-mugavai.com|Sankess*+.
dindiguldca.org|25|admin@dindiguldca.org|Sankess*+.
dbardsmandya.org|25|admin@dbardsmandya.org|Sankess*+.
bahujanage.in|25|admin@bahujanage.in|Sankess*+.
acdskanchitn.org|25|admin@acdskanchitn.org|Sankess*+.
thulasisocialtrust.org.in|25|admin@thulasisocialtrust.org.in|Sankess*+.
friendsofwpl.org|25|join@friendsofwpl.org|Sankess*+.
valleyqueensfoundation.org|587|mbecerra@valleyqueensfoundation.org|00ff00vodka
mygraphicforce.com|587|support@mygraphicforce.com|00ff00vodka
movingautoparts.com|587|support@movingautoparts.com|00ff00vodka
mirchads.com|587|vivek@mirchads.com|00ff00vodka
tedxnormal.net|25|organizers@tedxnormal.net|Sankess*+.
symptomsinfo.com|25|admin@symptomsinfo.com|Sankess*+.
starnewsgaonline.com|25|submissions@starnewsgaonline.com|Sankess*+.
envisionhomeatlast.com|25|admin@envisionhomeatlast.com|Sankess*+.
demo.temporaryview.com|25|info@demo.temporaryview.com|Sankess*+.
consiliencenow.com|25|justin@consiliencenow.com|Sankess*+.
ababseh-rental.com|25|info@ababseh-rental.com|Sankess*+.
aquanile.co|25|hkhalil@aquanile.co|Sankess*+.
elraneemtravel.com|25|info@elraneemtravel.com|Sankess*+.
elzaki-tours.com|25|info@elzaki-tours.com|Sankess*+.
entrac-eg.com|25|ahmedelbendary@entrac-eg.com|Sankess*+.
freddo-egypt.com|25|info@freddo-egypt.com|Sankess*+.
iisc-eg.com|25|info@iisc-eg.com|Sankess*+.
lfi-eg.com|25|amr.hamad@lfi-eg.com|Sankess*+.
mayorcatravels.com|25|info@mayorcatravels.com|Sankess*+.
middledleast.net|25|courses@middledleast.net|Sankess*+.
rentexcar.com|25|info@rentexcar.com|Sankess*+.
boldbeautyhair.com|25|info@boldbeautyhair.com|Sankess*+.
bossyspa.com|25|deborah@bossyspa.com|Sankess*+.
arctichenge.com|25|info@arctichenge.com|Sankess*+.
aschine.me|25|admin@aschine.me|Sankess*+.
hir3me.com|587|jobcircle@hir3me.com|Twia2yqS
162.214.10.44|587|info@imasjidapp.org|Twia2yqS
hotelmiradorplazapereira.com|25|flins@hotelmiradorplazapereira.com|Spy12*-
unrefinedproject.com|25|bill@unrefinedproject.com|Sankess*+.
tooathletic.com|25|jamaal@tooathletic.com|Sankess*+.
redemptionchapel.com|25|info@redemptionchapel.com|Sankess*+.
aalghamdi.com.sa|587|l.almulhem@aalghamdi.com.sa|00ff00vodka
kodyconverting.com|587|umesh@kodyconverting.com|00ff00vodka
parajelasgrullas.com.mx|587|contacto@parajelasgrullas.com.mx|00ff00vodka
almouwasat.com|587|info@almouwasat.com|00ff00vodka
alislahiya.com|587|info@alislahiya.com|00ff00vodka
103.18.6.83|587|hussam@paythe365.com|00ff00vodka
faisalhijazi.com|587|me@faisalhijazi.com|00ff00vodka
bmediagency.com|587|noreply@bmediagency.com|00ff00vodka
50.87.145.7|587|hello@bmediagency.com|00ff00vodka
162.241.224.104|587|raj@ichdbd.org|00ff00vodka
doorsegypt.com|587|ahmed.abdallah@doorsegypt.com|00ff00vodka
digitaldesign-eg.com|587|amr.desoky@digitaldesign-eg.com|00ff00vodka
162.241.253.231|587|csoyem@csoyem.org|00ff00vodka
expertemcoreldraw.com|587|contato@expertemcoreldraw.com|00ff00vodka
vantai2.com|587|hai.trannguyen@vantai2.com|00ff00vodka
cas-energy.com|587|uan.truongcong@cas-energy.com|00ff00vodka
varnamgallery.com|587|nanthini@varnamgallery.com|00ff00vodka
blazeavenue.com.my|587|naqiya@blazeavenue.com.my|00ff00vodka
blazeavenue.co|587|marketing@blazeavenue.co|00ff00vodka
morgananderson.co|25|info@morgananderson.co|Sankess*+.
love-quotes.in|25|info@love-quotes.in|Sankess*+.
joblink.co.zw|25|support@joblink.co.zw|Sankess*+.
inspiredteamtraining.com|25|info@inspiredteamtraining.com|Sankess*+.
infrarede.com|25|carlos.granja@infrarede.com|Sankess*+.
dixieerectors.com|25|toddmcmath@dixieerectors.com|Sankess*+.
dinamicogroup.net|25|tech@dinamicogroup.net|Sankess*+.
chrissain.com|25|chris@chrissain.com|Sankess*+.
bisetadvocacia.com.br|25|marcelo.biset@bisetadvocacia.com.br|Sankess*+.
zaraconsultancy.com|25|itsupport@zaraconsultancy.com|Sankess*+.
sasbuilder.com|25|robert@sasbuilder.com|Sankess*+.
morlif.com|25|admin@morlif.com|Sankess*+.
gjsons.com|25|travels@gjsons.com|Sankess*+.
dotspazioinfinito.com|25|sdp@dotspazioinfinito.com|Sankess*+.
dotmoda.in|25|hello@dotmoda.in|Sankess*+.
dilipreddy.in|25|mail@dilipreddy.in|Sankess*+.
thebabyultrasoundco.com|25|rcp@thebabyultrasoundco.com|Sankess*+.
kingstarph.com|25|tan.samanthanicole@kingstarph.com|Sankess*+.
agenciaimagens.com|25|stefani@agenciaimagens.com|Sankess*+.
marcg.com.br|25|contato@marcg.com.br|Sankess*+.
milenadutra.com.br|25|contato@milenadutra.com.br|Sankess*+.
aisaude.com.br|25|jarreguy@aisaude.com.br|Sankess*+.
lereprazer.com.br|25|lereprazer@lereprazer.com.br|Sankess*+.
littledyno.com|25|support@littledyno.com|Sankess*+.
feliciakstyle.com|25|fck@feliciakstyle.com|Sankess*+.
poissonnerielartisandelamer.com|25|stephane@poissonnerielartisandelamer.com|Spy12*-
plancherrogerchouinard.com|25|info@plancherrogerchouinard.com|Spy12*-
spa-sante.ca|25|adwords@spa-sante.ca|Spy12*-
spaesthetique-latourelle.com|25|sylvie@spaesthetique-latourelle.com|Spy12*-
photoboothlocation.com|25|wordpress@photoboothlocation.com|Spy12*-
stockeurrotatif.ca|25|annonces@stockeurrotatif.ca|Spy12*-
progazonnormanddemontigny.com|25|annonces@progazonnormanddemontigny.com|Spy12*-
entretienchester.com|25|info@entretienchester.com|Spy12*-
gabourytransport.ca|25|info@gabourytransport.ca|Spy12*-
centredentairemenarddaoustchartrand.ca|25|annonces@centredentairemenarddaoustchartrand.ca|Spy12*-
excavationst-paul.com|25|admin@excavationst-paul.com|Spy12*-
cliniqueadomicile.com|25|adwords@cliniqueadomicile.com|Spy12*-
esthetiquemarjo.com|25|info@esthetiquemarjo.com|Spy12*-
casaespoirs.org|25|president@casaespoirs.org|Spy12*-
bylexelectrique.ca|25|marketing@bylexelectrique.ca|Spy12*-
esthetiquenancycouture.com|25|adwords@esthetiquenancycouture.com|Spy12*-
nagarikmancha.org|25|contact@nagarikmancha.org|Spy12*-
sravanihearingaid.co|25|support@sravanihearingaid.co|Spy12*-
karkathar.us|587|info@karkathar.us|00ff00vodka
belmorfinance.com|587|info@belmorfinance.com|00ff00vodka
viajesmediterraneo.co|25|admin@viajesmediterraneo.co|Spy12*-
regeneradorcelular.co|25|flins@regeneradorcelular.co|Spy12*-
reposteriamarialuisa.com|25|flins@reposteriamarialuisa.com|Spy12*-
energitesla.com|25|flins@energitesla.com|Spy12*-
happybirthdaychords.org|587|info@happybirthdaychords.org|00ff00vodka
elegantartglass.com|587|sales@elegantartglass.com|00ff00vodka
paragraphe.org|587|forum@paragraphe.org|00ff00vodka
coevolve.blog|587|info@coevolve.blog|00ff00vodka
latgrafica.co.mz|587|amachavane@latgrafica.co.mz|00ff00vodka
webdemoapp.com|587|hiren@webdemoapp.com|00ff00vodka
chicoalves.com.br|587|contato@chicoalves.com.br|00ff00vodka
tyackmade.com|587|admin@tyackmade.com|00ff00vodka
danieltyack.com|587|daniel@danieltyack.com|00ff00vodka
50.116.70.73|587|suscriptores@revistafilm.com|00ff00vodka
50.87.248.98|587|chris@resortbusinessadvisors.com|00ff00vodka
cooltechoman.com|587|info@cooltechoman.com|00ff00vodka
365daysservices.com|587|info@365daysservices.com|00ff00vodka
zerorejet.ca|25|regisbarriault@zerorejet.ca|Spy12*-
teamlussier.ca|25|kevin@teamlussier.ca|Spy12*-
taxisoulanges.com|25|adwords@taxisoulanges.com|Spy12*-
studio-338.com|25|melanie@studio-338.com|Spy12*-
stephaneduhaime.ca|25|info@stephaneduhaime.ca|Spy12*-
reparationmotoneige.com|25|daniel@reparationmotoneige.com|Spy12*-
salontoilettagemoustache.com|25|adwords@salontoilettagemoustache.com|Spy12*-
quaidechargement.ca|25|adword@quaidechargement.ca|Spy12*-
pavagedesrochers.ca|25|gyslaine@pavagedesrochers.ca|Spy12*-
palettesexpress.ca|25|adwords@palettesexpress.ca|Spy12*-
nettoyageslc.com|25|renelaniel@nettoyageslc.com|Spy12*-
monsieurvide-tout.com|25|marketing@monsieurvide-tout.com|Spy12*-
massotherapieanniecote.com|25|annonces@massotherapieanniecote.com|Spy12*-
laveautolescoteaux.com|25|admin@laveautolescoteaux.com|Spy12*-
luciecochez.com|25|info@luciecochez.com|Spy12*-
inspectioncameraegout.com|25|annonces@inspectioncameraegout.com|Spy12*-
extincteurscharette.com|25|adwords@extincteurscharette.com|Spy12*-
ecoleconduitelescoteaux.com|25|info@ecoleconduitelescoteaux.com|Spy12*-
ecohygiene.net|25|regis@ecohygiene.net|Spy12*-
couleurscameleon.com|25|adwords@couleurscameleon.com|Spy12*-
constructionkale.ca|25|karolynn@constructionkale.ca|Spy12*-
conceptmely-k.com|25|adwords@conceptmely-k.com|Spy12*-
ceramica-dibattista.com|25|lora@ceramica-dibattista.com|Spy12*-
centredupeintre.ca|25|peinture@centredupeintre.ca|Spy12*-
avnsolution.com|25|info@avnsolution.com|Spy12*-
auxgrainsdesaveurs.com|25|adwords@auxgrainsdesaveurs.com|Spy12*-
hotelejecutivo.co|25|admin@hotelejecutivo.co|Spy12*-
shaviniengineers.com|25|ramji.pd@shaviniengineers.com|Sankess*+.
kayasthamahasabha.com|25|media@kayasthamahasabha.com|Sankess*+.
katyayni.com|25|account@katyayni.com|Sankess*+.
sniffles-spa.co.uk|25|donika@sniffles-spa.co.uk|Sankess*+.
charliescarrepair.com|25|sam@charliescarrepair.com|Sankess*+.
spiritualtrade.com|25|admin@spiritualtrade.com|Sankess*+.
mountainempirestoneworks.com|25|tim.d@mountainempirestoneworks.com|Sankess*+.
kombucheers.com|25|helena@kombucheers.com|Sankess*+.
wolvesblog.com|25|thomas@wolvesblog.com|Sankess*+.
thomasbaughmedia.com|25|tom@thomasbaughmedia.com|Sankess*+.
jennifervince.com|25|jen@jennifervince.com|Sankess*+.
inthedrivingseat.org|25|rachel@inthedrivingseat.org|Sankess*+.
fitnessfiftyplus.net|25|info@fitnessfiftyplus.net|Sankess*+.
hnwonline.com.br|25|contato@hnwonline.com.br|Sankess*+.
altalucs.com.br|25|contato@altalucs.com.br|Sankess*+.
accentonspanish.com|25|info@accentonspanish.com|Sankess*+.
stjohnboscoseminary.ug|25|service@stjohnboscoseminary.ug|Sankess*+.
iranbet365.com|25|payment@iranbet365.com|Spy12*-
persianpad.com|25|nima@persianpad.com|Spy12*-
granitecountertopfayetteville.com|587|info@granitecountertopfayetteville.com|00ff00vodka
longlivehumanity.org|25|events@longlivehumanity.org|Sankess*+.
evosys.co.ke|587|john@evosys.co.ke|00ff00vodka
paulov.com.br|587|consultoria@paulov.com.br|00ff00vodka
cftvbrasilia.com.br|587|contato@cftvbrasilia.com.br|00ff00vodka
diariocontabil.com|587|contato@diariocontabil.com|00ff00vodka
babyvest.com.br|587|contato@babyvest.com.br|00ff00vodka
twincitiescorporateyoga.com|587|info@twincitiescorporateyoga.com|00ff00vodka
nedento.com.mx|587|admin@nedento.com.mx|00ff00vodka
mucovibrol.com|587|admin@mucovibrol.com|00ff00vodka
dafloxen.com.mx|587|admin@dafloxen.com.mx|00ff00vodka
customengravingogden.com|25|michael@customengravingogden.com|Sankess*+.
expertmortgages.ca|25|info@expertmortgages.ca|Sankess*+.
198.1.66.93|587|nikole@drlox.com|00ff00vodka
drlox.com|587|info@drlox.com|00ff00vodka
interrupteverything.org|587|ahem@interrupteverything.org|00ff00vodka
recipes4rebels.com|25|greg@recipes4rebels.com|Sankess*+.
desprepensii.ro|587|adrian.chira@desprepensii.ro|00ff00vodka
grupoaltazor.com|25|noresponder@grupoaltazor.com|Sankess*+.
clustertic.org|25|contacto@clustertic.org|Sankess*+.
oridesignmedia.com|25|abby@oridesignmedia.com|Sankess*+.
intercessionpowerhouse.org|25|enquiry@intercessionpowerhouse.org|Sankess*+.
coxville.com|25|delma@coxville.com|Sankess*+.
amincc.com|25|info@amincc.com|Sankess*+.
blendedmarketinggroup.com|25|info@blendedmarketinggroup.com|Sankess*+.
cleanroomairtech.com.co|587|info@cleanroomairtech.com.co|00ff00vodka
gotrippinn.com|587|dave@gotrippinn.com|00ff00vodka
davelops.com|587|dave@davelops.com|00ff00vodka
premierbooks.com|587|admin@premierbooks.com|00ff00vodka
hogmountainfarm.com|587|tyson@hogmountainfarm.com|7bitrsxa2yqS
digitalpowertrip.com|587|postmaster@digitalpowertrip.com|7bitrsxa2yqS
bodyworks-studio.com|587|rose@bodyworks-studio.com|7bitrsxa2yqS
gen-innov.com|587|tech1@gen-innov.com|7bitrsxa2yqS
69.89.31.135|587|postmaster@blogjunto.com|7bitrsxa2yqS
aspectlatam.com|587|julian.oliveros@aspectlatam.com|7bitrsxa2yqS
198.1.79.60|587|info@soltritefinance.com|Twia2yqS
162.144.22.136|587|sapn@sapnaz.website|Twia2yqS
67.222.46.29|587|dstraiges@ahenycworld.com|Twia2yqS
arlosanders.com|587|contact@arlosanders.com|Twia2yqS
teamfastforward.net|587|bizopp@teamfastforward.net|Twia2yqS
173.254.28.43|587|press@northsidehiphop.ca|Twia2yqS
wordoffaithacademy.org|587|mroyal@wordoffaithacademy.org|vodka
mandarinmilford.com|587|info@thebutterflyeffect.co|vodka
iwebspanama.com|587|alezcano@iwebspanama.com|vodka
doctorstuff.com|587|dave@doctorstuff.com|222222